Domain Code,Domain,Area Code (M49),Area,Element Code,Element,Item Code,Item,Year Code,Year,Source Code,Source,Unit,Value,Flag,Flag Description,Note
"GT","Emissions totals","566","Nigeria","7273","Emissions (CO2)","67292","Drained organic soils (CO2)","2000","2000","3050","FAO TIER 1","kt","0","E","Estimated value",""
"GT","Emissions totals","566","Nigeria","7273","Emissions (CO2)","67292","Drained organic soils (CO2)","2001","2001","3050","FAO TIER 1","kt","0","E","Estimated value",""
"GT","Emissions totals","566","Nigeria","7273","Emissions (CO2)","67292","Drained organic soils (CO2)","2002","2002","3050","FAO TIER 1","kt","0","E","Estimated value",""
"GT","Emissions totals","566","Nigeria","7273","Emissions (CO2)","67292","Drained organic soils (CO2)","2003","2003","3050","FAO TIER 1","kt","0","E","Estimated value",""
"GT","Emissions totals","566","Nigeria","7273","Emissions (CO2)","67292","Drained organic soils (CO2)","2004","2004","3050","FAO TIER 1","kt","0","E","Estimated value",""
"GT","Emissions totals","566","Nigeria","7273","Emissions (CO2)","67292","Drained organic soils (CO2)","2005","2005","3050","FAO TIER 1","kt","0","E","Estimated value",""
"GT","Emissions totals","566","Nigeria","7273","Emissions (CO2)","67292","Drained organic soils (CO2)","2006","2006","3050","FAO TIER 1","kt","0","E","Estimated value",""
"GT","Emissions totals","566","Nigeria","7273","Emissions (CO2)","67292","Drained organic soils (CO2)","2007","2007","3050","FAO TIER 1","kt","0","E","Estimated value",""
"GT","Emissions totals","566","Nigeria","7273","Emissions (CO2)","67292","Drained organic soils (CO2)","2008","2008","3050","FAO TIER 1","kt","0","E","Estimated value",""
"GT","Emissions totals","566","Nigeria","7273","Emissions (CO2)","67292","Drained organic soils (CO2)","2009","2009","3050","FAO TIER 1","kt","0","E","Estimated value",""
"GT","Emissions totals","566","Nigeria","7273","Emissions (CO2)","67292","Drained organic soils (CO2)","2010","2010","3050","FAO TIER 1","kt","0","E","Estimated value",""
"GT","Emissions totals","566","Nigeria","7273","Emissions (CO2)","67292","Drained organic soils (CO2)","2011","2011","3050","FAO TIER 1","kt","0","E","Estimated value",""
"GT","Emissions totals","566","Nigeria","7273","Emissions (CO2)","67292","Drained organic soils (CO2)","2012","2012","3050","FAO TIER 1","kt","0","E","Estimated value",""
"GT","Emissions totals","566","Nigeria","7273","Emissions (CO2)","67292","Drained organic soils (CO2)","2013","2013","3050","FAO TIER 1","kt","0","E","Estimated value",""
"GT","Emissions totals","566","Nigeria","7273","Emissions (CO2)","67292","Drained organic soils (CO2)","2014","2014","3050","FAO TIER 1","kt","0","E","Estimated value",""
"GT","Emissions totals","566","Nigeria","7273","Emissions (CO2)","67292","Drained organic soils (CO2)","2015","2015","3050","FAO TIER 1","kt","0","E","Estimated value",""
"GT","Emissions totals","566","Nigeria","7273","Emissions (CO2)","67292","Drained organic soils (CO2)","2016","2016","3050","FAO TIER 1","kt","0","E","Estimated value",""
"GT","Emissions totals","566","Nigeria","7273","Emissions (CO2)","67292","Drained organic soils (CO2)","2017","2017","3050","FAO TIER 1","kt","0","E","Estimated value",""
"GT","Emissions totals","566","Nigeria","7273","Emissions (CO2)","67292","Drained organic soils (CO2)","2018","2018","3050","FAO TIER 1","kt","0","E","Estimated value",""
"GT","Emissions totals","566","Nigeria","7273","Emissions (CO2)","67292","Drained organic soils (CO2)","2019","2019","3050","FAO TIER 1","kt","0","E","Estimated value",""
"GT","Emissions totals","566","Nigeria","7273","Emissions (CO2)","67292","Drained organic soils (CO2)","2020","2020","3050","FAO TIER 1","kt","0","E","Estimated value",""
"GT","Emissions totals","566","Nigeria","7273","Emissions (CO2)","67292","Drained organic soils (CO2)","2021","2021","3050","FAO TIER 1","kt","0","E","Estimated value",""
"GT","Emissions totals","566","Nigeria","7273","Emissions (CO2)","67292","Drained organic soils (CO2)","2022","2022","3050","FAO TIER 1","kt","0","E","Estimated value",""
"GT","Emissions totals","566","Nigeria","7273","Emissions (CO2)","67292","Drained organic soils (CO2)","2023","2023","3050","FAO TIER 1","kt","0","E","Estimated value",""
"GT","Emissions totals","566","Nigeria","7273","Emissions (CO2)","6994","On-farm energy use","2000","2000","3050","FAO TIER 1","kt","19.0807","E","Estimated value",""
"GT","Emissions totals","566","Nigeria","7273","Emissions (CO2)","6994","On-farm energy use","2001","2001","3050","FAO TIER 1","kt","19.0807","E","Estimated value",""
"GT","Emissions totals","566","Nigeria","7273","Emissions (CO2)","6994","On-farm energy use","2002","2002","3050","FAO TIER 1","kt","28.6396","E","Estimated value",""
"GT","Emissions totals","566","Nigeria","7273","Emissions (CO2)","6994","On-farm energy use","2003","2003","3050","FAO TIER 1","kt","28.6396","E","Estimated value",""
"GT","Emissions totals","566","Nigeria","7273","Emissions (CO2)","6994","On-farm energy use","2004","2004","3050","FAO TIER 1","kt","31.8259","E","Estimated value",""
"GT","Emissions totals","566","Nigeria","7273","Emissions (CO2)","6994","On-farm energy use","2005","2005","3050","FAO TIER 1","kt","31.8259","E","Estimated value",""
"GT","Emissions totals","566","Nigeria","7273","Emissions (CO2)","6994","On-farm energy use","2006","2006","3050","FAO TIER 1","kt","35.0122","E","Estimated value",""
"GT","Emissions totals","566","Nigeria","7273","Emissions (CO2)","6994","On-farm energy use","2007","2007","3050","FAO TIER 1","kt","15.8944","E","Estimated value",""
"GT","Emissions totals","566","Nigeria","7273","Emissions (CO2)","6994","On-farm energy use","2008","2008","3050","FAO TIER 1","kt","31.7888","E","Estimated value",""
"GT","Emissions totals","566","Nigeria","7273","Emissions (CO2)","6994","On-farm energy use","2009","2009","3050","FAO TIER 1","kt","19.0436","E","Estimated value",""
"GT","Emissions totals","566","Nigeria","7273","Emissions (CO2)","6994","On-farm energy use","2010","2010","3050","FAO TIER 1","kt","31.7888","E","Estimated value",""
"GT","Emissions totals","566","Nigeria","7273","Emissions (CO2)","6994","On-farm energy use","2011","2011","3050","FAO TIER 1","kt","12.7452","E","Estimated value",""
"GT","Emissions totals","566","Nigeria","7273","Emissions (CO2)","6994","On-farm energy use","2012","2012","3050","FAO TIER 1","kt","12.7452","E","Estimated value",""
"GT","Emissions totals","566","Nigeria","7273","Emissions (CO2)","6994","On-farm energy use","2013","2013","3050","FAO TIER 1","kt","12.7452","E","Estimated value",""
"GT","Emissions totals","566","Nigeria","7273","Emissions (CO2)","6994","On-farm energy use","2014","2014","3050","FAO TIER 1","kt","12.7452","E","Estimated value",""
"GT","Emissions totals","566","Nigeria","7273","Emissions (CO2)","6994","On-farm energy use","2015","2015","3050","FAO TIER 1","kt","12.7452","E","Estimated value",""
"GT","Emissions totals","566","Nigeria","7273","Emissions (CO2)","6994","On-farm energy use","2016","2016","3050","FAO TIER 1","kt","12.7452","E","Estimated value",""
"GT","Emissions totals","566","Nigeria","7273","Emissions (CO2)","6994","On-farm energy use","2017","2017","3050","FAO TIER 1","kt","13.1849","E","Estimated value",""
"GT","Emissions totals","566","Nigeria","7273","Emissions (CO2)","6994","On-farm energy use","2018","2018","3050","FAO TIER 1","kt","13.4653","E","Estimated value",""
"GT","Emissions totals","566","Nigeria","7273","Emissions (CO2)","6994","On-farm energy use","2019","2019","3050","FAO TIER 1","kt","13.7839","E","Estimated value",""
"GT","Emissions totals","566","Nigeria","7273","Emissions (CO2)","6994","On-farm energy use","2020","2020","3050","FAO TIER 1","kt","14.0834","E","Estimated value",""
"GT","Emissions totals","566","Nigeria","7273","Emissions (CO2)","6994","On-farm energy use","2021","2021","3050","FAO TIER 1","kt","14.383","E","Estimated value",""
"GT","Emissions totals","566","Nigeria","7273","Emissions (CO2)","6994","On-farm energy use","2022","2022","3050","FAO TIER 1","kt","14.6538","E","Estimated value",""
"GT","Emissions totals","566","Nigeria","7273","Emissions (CO2)","6994","On-farm energy use","2023","2023","3050","FAO TIER 1","kt","14.6538","E","Estimated value",""
"GT","Emissions totals","566","Nigeria","7273","Emissions (CO2)","6750","Net Forest conversion","2000","2000","3050","FAO TIER 1","kt","44150.2686","E","Estimated value",""
"GT","Emissions totals","566","Nigeria","7273","Emissions (CO2)","6750","Net Forest conversion","2001","2001","3050","FAO TIER 1","kt","44150.5209","E","Estimated value",""
"GT","Emissions totals","566","Nigeria","7273","Emissions (CO2)","6750","Net Forest conversion","2002","2002","3050","FAO TIER 1","kt","44150.5209","E","Estimated value",""
"GT","Emissions totals","566","Nigeria","7273","Emissions (CO2)","6750","Net Forest conversion","2003","2003","3050","FAO TIER 1","kt","44150.5209","E","Estimated value",""
"GT","Emissions totals","566","Nigeria","7273","Emissions (CO2)","6750","Net Forest conversion","2004","2004","3050","FAO TIER 1","kt","44150.5209","E","Estimated value",""
"GT","Emissions totals","566","Nigeria","7273","Emissions (CO2)","6750","Net Forest conversion","2005","2005","3050","FAO TIER 1","kt","44150.5209","E","Estimated value",""
"GT","Emissions totals","566","Nigeria","7273","Emissions (CO2)","6750","Net Forest conversion","2006","2006","3050","FAO TIER 1","kt","44150.5209","E","Estimated value",""
"GT","Emissions totals","566","Nigeria","7273","Emissions (CO2)","6750","Net Forest conversion","2007","2007","3050","FAO TIER 1","kt","44150.5209","E","Estimated value",""
"GT","Emissions totals","566","Nigeria","7273","Emissions (CO2)","6750","Net Forest conversion","2008","2008","3050","FAO TIER 1","kt","44150.5209","E","Estimated value",""
"GT","Emissions totals","566","Nigeria","7273","Emissions (CO2)","6750","Net Forest conversion","2009","2009","3050","FAO TIER 1","kt","44150.5209","E","Estimated value",""
"GT","Emissions totals","566","Nigeria","7273","Emissions (CO2)","6750","Net Forest conversion","2010","2010","3050","FAO TIER 1","kt","44150.5209","E","Estimated value",""
"GT","Emissions totals","566","Nigeria","7273","Emissions (CO2)","6750","Net Forest conversion","2011","2011","3050","FAO TIER 1","kt","44149.9244","E","Estimated value",""
"GT","Emissions totals","566","Nigeria","7273","Emissions (CO2)","6750","Net Forest conversion","2012","2012","3050","FAO TIER 1","kt","44149.9244","E","Estimated value",""
"GT","Emissions totals","566","Nigeria","7273","Emissions (CO2)","6750","Net Forest conversion","2013","2013","3050","FAO TIER 1","kt","44149.9244","E","Estimated value",""
"GT","Emissions totals","566","Nigeria","7273","Emissions (CO2)","6750","Net Forest conversion","2014","2014","3050","FAO TIER 1","kt","44149.9244","E","Estimated value",""
"GT","Emissions totals","566","Nigeria","7273","Emissions (CO2)","6750","Net Forest conversion","2015","2015","3050","FAO TIER 1","kt","44149.9244","E","Estimated value",""
"GT","Emissions totals","566","Nigeria","7273","Emissions (CO2)","6750","Net Forest conversion","2016","2016","3050","FAO TIER 1","kt","44151.6078","E","Estimated value",""
"GT","Emissions totals","566","Nigeria","7273","Emissions (CO2)","6750","Net Forest conversion","2017","2017","3050","FAO TIER 1","kt","44151.6078","E","Estimated value",""
"GT","Emissions totals","566","Nigeria","7273","Emissions (CO2)","6750","Net Forest conversion","2018","2018","3050","FAO TIER 1","kt","44151.6078","E","Estimated value",""
"GT","Emissions totals","566","Nigeria","7273","Emissions (CO2)","6750","Net Forest conversion","2019","2019","3050","FAO TIER 1","kt","44151.6078","E","Estimated value",""
"GT","Emissions totals","566","Nigeria","7273","Emissions (CO2)","6750","Net Forest conversion","2020","2020","3050","FAO TIER 1","kt","44151.6078","E","Estimated value",""
"GT","Emissions totals","566","Nigeria","7273","Emissions (CO2)","6750","Net Forest conversion","2021","2021","3050","FAO TIER 1","kt","44151.8998","E","Estimated value",""
"GT","Emissions totals","566","Nigeria","7273","Emissions (CO2)","6750","Net Forest conversion","2022","2022","3050","FAO TIER 1","kt","44151.8998","E","Estimated value",""
"GT","Emissions totals","566","Nigeria","7273","Emissions (CO2)","6750","Net Forest conversion","2023","2023","3050","FAO TIER 1","kt","44151.8998","E","Estimated value",""
"GT","Emissions totals","566","Nigeria","7273","Emissions (CO2)","6993","Fires in organic soils","2000","2000","3050","FAO TIER 1","kt","0","E","Estimated value",""
"GT","Emissions totals","566","Nigeria","7273","Emissions (CO2)","6993","Fires in organic soils","2001","2001","3050","FAO TIER 1","kt","0","E","Estimated value",""
"GT","Emissions totals","566","Nigeria","7273","Emissions (CO2)","6993","Fires in organic soils","2002","2002","3050","FAO TIER 1","kt","0","E","Estimated value",""
"GT","Emissions totals","566","Nigeria","7273","Emissions (CO2)","6993","Fires in organic soils","2003","2003","3050","FAO TIER 1","kt","0","E","Estimated value",""
"GT","Emissions totals","566","Nigeria","7273","Emissions (CO2)","6993","Fires in organic soils","2004","2004","3050","FAO TIER 1","kt","0","E","Estimated value",""
"GT","Emissions totals","566","Nigeria","7273","Emissions (CO2)","6993","Fires in organic soils","2005","2005","3050","FAO TIER 1","kt","0","E","Estimated value",""
"GT","Emissions totals","566","Nigeria","7273","Emissions (CO2)","6993","Fires in organic soils","2006","2006","3050","FAO TIER 1","kt","0","E","Estimated value",""
"GT","Emissions totals","566","Nigeria","7273","Emissions (CO2)","6993","Fires in organic soils","2007","2007","3050","FAO TIER 1","kt","0","E","Estimated value",""
"GT","Emissions totals","566","Nigeria","7273","Emissions (CO2)","6993","Fires in organic soils","2008","2008","3050","FAO TIER 1","kt","0","E","Estimated value",""
"GT","Emissions totals","566","Nigeria","7273","Emissions (CO2)","6993","Fires in organic soils","2009","2009","3050","FAO TIER 1","kt","0","E","Estimated value",""
"GT","Emissions totals","566","Nigeria","7273","Emissions (CO2)","6993","Fires in organic soils","2010","2010","3050","FAO TIER 1","kt","0","E","Estimated value",""
"GT","Emissions totals","566","Nigeria","7273","Emissions (CO2)","6993","Fires in organic soils","2011","2011","3050","FAO TIER 1","kt","0","E","Estimated value",""
"GT","Emissions totals","566","Nigeria","7273","Emissions (CO2)","6993","Fires in organic soils","2012","2012","3050","FAO TIER 1","kt","0","E","Estimated value",""
"GT","Emissions totals","566","Nigeria","7273","Emissions (CO2)","6993","Fires in organic soils","2013","2013","3050","FAO TIER 1","kt","0","E","Estimated value",""
"GT","Emissions totals","566","Nigeria","7273","Emissions (CO2)","6993","Fires in organic soils","2014","2014","3050","FAO TIER 1","kt","0","E","Estimated value",""
"GT","Emissions totals","566","Nigeria","7273","Emissions (CO2)","6993","Fires in organic soils","2015","2015","3050","FAO TIER 1","kt","0","E","Estimated value",""
"GT","Emissions totals","566","Nigeria","7273","Emissions (CO2)","6993","Fires in organic soils","2016","2016","3050","FAO TIER 1","kt","0","E","Estimated value",""
"GT","Emissions totals","566","Nigeria","7273","Emissions (CO2)","6993","Fires in organic soils","2017","2017","3050","FAO TIER 1","kt","0","E","Estimated value",""
"GT","Emissions totals","566","Nigeria","7273","Emissions (CO2)","6993","Fires in organic soils","2018","2018","3050","FAO TIER 1","kt","0","E","Estimated value",""
"GT","Emissions totals","566","Nigeria","7273","Emissions (CO2)","6993","Fires in organic soils","2019","2019","3050","FAO TIER 1","kt","0","E","Estimated value",""
"GT","Emissions totals","566","Nigeria","7273","Emissions (CO2)","6993","Fires in organic soils","2020","2020","3050","FAO TIER 1","kt","0","E","Estimated value",""
"GT","Emissions totals","566","Nigeria","7273","Emissions (CO2)","6993","Fires in organic soils","2021","2021","3050","FAO TIER 1","kt","0","E","Estimated value",""
"GT","Emissions totals","566","Nigeria","7273","Emissions (CO2)","6993","Fires in organic soils","2022","2022","3050","FAO TIER 1","kt","0","E","Estimated value",""
"GT","Emissions totals","566","Nigeria","7273","Emissions (CO2)","6993","Fires in organic soils","2023","2023","3050","FAO TIER 1","kt","0","E","Estimated value",""
"GT","Emissions totals","566","Nigeria","7273","Emissions (CO2)","6504","Fertilizers Manufacturing","2000","2000","3050","FAO TIER 1","kt","48.6462","E","Estimated value",""
"GT","Emissions totals","566","Nigeria","7273","Emissions (CO2)","6504","Fertilizers Manufacturing","2001","2001","3050","FAO TIER 1","kt","48.9071","E","Estimated value",""
"GT","Emissions totals","566","Nigeria","7273","Emissions (CO2)","6504","Fertilizers Manufacturing","2002","2002","3050","FAO TIER 1","kt","49.3835","E","Estimated value",""
"GT","Emissions totals","566","Nigeria","7273","Emissions (CO2)","6504","Fertilizers Manufacturing","2003","2003","3050","FAO TIER 1","kt","50.1224","E","Estimated value",""
"GT","Emissions totals","566","Nigeria","7273","Emissions (CO2)","6504","Fertilizers Manufacturing","2004","2004","3050","FAO TIER 1","kt","48.5622","E","Estimated value",""
"GT","Emissions totals","566","Nigeria","7273","Emissions (CO2)","6504","Fertilizers Manufacturing","2005","2005","3050","FAO TIER 1","kt","48.3223","E","Estimated value",""
"GT","Emissions totals","566","Nigeria","7273","Emissions (CO2)","6504","Fertilizers Manufacturing","2006","2006","3050","FAO TIER 1","kt","49.9766","E","Estimated value",""
"GT","Emissions totals","566","Nigeria","7273","Emissions (CO2)","6504","Fertilizers Manufacturing","2007","2007","3050","FAO TIER 1","kt","48.0928","E","Estimated value",""
"GT","Emissions totals","566","Nigeria","7273","Emissions (CO2)","6504","Fertilizers Manufacturing","2008","2008","3050","FAO TIER 1","kt","48.3957","E","Estimated value",""
"GT","Emissions totals","566","Nigeria","7273","Emissions (CO2)","6504","Fertilizers Manufacturing","2009","2009","3050","FAO TIER 1","kt","50.4981","E","Estimated value",""
"GT","Emissions totals","566","Nigeria","7273","Emissions (CO2)","6504","Fertilizers Manufacturing","2010","2010","3050","FAO TIER 1","kt","48.2749","E","Estimated value",""
"GT","Emissions totals","566","Nigeria","7273","Emissions (CO2)","6504","Fertilizers Manufacturing","2011","2011","3050","FAO TIER 1","kt","100.2622","E","Estimated value",""
"GT","Emissions totals","566","Nigeria","7273","Emissions (CO2)","6504","Fertilizers Manufacturing","2012","2012","3050","FAO TIER 1","kt","250.8459","E","Estimated value",""
"GT","Emissions totals","566","Nigeria","7273","Emissions (CO2)","6504","Fertilizers Manufacturing","2013","2013","3050","FAO TIER 1","kt","165.6454","E","Estimated value",""
"GT","Emissions totals","566","Nigeria","7273","Emissions (CO2)","6504","Fertilizers Manufacturing","2014","2014","3050","FAO TIER 1","kt","113.1437","E","Estimated value",""
"GT","Emissions totals","566","Nigeria","7273","Emissions (CO2)","6504","Fertilizers Manufacturing","2015","2015","3050","FAO TIER 1","kt","173.8267","E","Estimated value",""
"GT","Emissions totals","566","Nigeria","7273","Emissions (CO2)","6504","Fertilizers Manufacturing","2016","2016","3050","FAO TIER 1","kt","438.4112","E","Estimated value",""
"GT","Emissions totals","566","Nigeria","7273","Emissions (CO2)","6504","Fertilizers Manufacturing","2017","2017","3050","FAO TIER 1","kt","907.9322","E","Estimated value",""
"GT","Emissions totals","566","Nigeria","7273","Emissions (CO2)","6504","Fertilizers Manufacturing","2018","2018","3050","FAO TIER 1","kt","369.5525","E","Estimated value",""
"GT","Emissions totals","566","Nigeria","7273","Emissions (CO2)","6504","Fertilizers Manufacturing","2019","2019","3050","FAO TIER 1","kt","379.505","E","Estimated value",""
"GT","Emissions totals","566","Nigeria","7273","Emissions (CO2)","6504","Fertilizers Manufacturing","2020","2020","3050","FAO TIER 1","kt","417.5601","E","Estimated value",""
"GT","Emissions totals","566","Nigeria","7273","Emissions (CO2)","6504","Fertilizers Manufacturing","2021","2021","3050","FAO TIER 1","kt","436.6059","E","Estimated value",""
"GT","Emissions totals","566","Nigeria","7273","Emissions (CO2)","6504","Fertilizers Manufacturing","2022","2022","3050","FAO TIER 1","kt","436.6059","E","Estimated value",""
"GT","Emissions totals","566","Nigeria","7273","Emissions (CO2)","6504","Fertilizers Manufacturing","2023","2023","3050","FAO TIER 1","kt","436.6059","E","Estimated value",""
"GT","Emissions totals","566","Nigeria","7273","Emissions (CO2)","6997","Pesticides Manufacturing","2000","2000","3050","FAO TIER 1","kt","42.3248","E","Estimated value",""
"GT","Emissions totals","566","Nigeria","7273","Emissions (CO2)","6997","Pesticides Manufacturing","2001","2001","3050","FAO TIER 1","kt","62.5902","E","Estimated value",""
"GT","Emissions totals","566","Nigeria","7273","Emissions (CO2)","6997","Pesticides Manufacturing","2002","2002","3050","FAO TIER 1","kt","103.8866","E","Estimated value",""
"GT","Emissions totals","566","Nigeria","7273","Emissions (CO2)","6997","Pesticides Manufacturing","2003","2003","3050","FAO TIER 1","kt","160.5279","E","Estimated value",""
"GT","Emissions totals","566","Nigeria","7273","Emissions (CO2)","6997","Pesticides Manufacturing","2004","2004","3050","FAO TIER 1","kt","264.0529","E","Estimated value",""
"GT","Emissions totals","566","Nigeria","7273","Emissions (CO2)","6997","Pesticides Manufacturing","2005","2005","3050","FAO TIER 1","kt","318.9578","E","Estimated value",""
"GT","Emissions totals","566","Nigeria","7273","Emissions (CO2)","6997","Pesticides Manufacturing","2006","2006","3050","FAO TIER 1","kt","169.9517","E","Estimated value",""
"GT","Emissions totals","566","Nigeria","7273","Emissions (CO2)","6997","Pesticides Manufacturing","2007","2007","3050","FAO TIER 1","kt","61.8496","E","Estimated value",""
"GT","Emissions totals","566","Nigeria","7273","Emissions (CO2)","6997","Pesticides Manufacturing","2008","2008","3050","FAO TIER 1","kt","162.7418","E","Estimated value",""
"GT","Emissions totals","566","Nigeria","7273","Emissions (CO2)","6997","Pesticides Manufacturing","2009","2009","3050","FAO TIER 1","kt","89.3468","E","Estimated value",""
"GT","Emissions totals","566","Nigeria","7273","Emissions (CO2)","6997","Pesticides Manufacturing","2010","2010","3050","FAO TIER 1","kt","507.558","E","Estimated value",""
"GT","Emissions totals","566","Nigeria","7273","Emissions (CO2)","6997","Pesticides Manufacturing","2011","2011","3050","FAO TIER 1","kt","532.6712","E","Estimated value",""
"GT","Emissions totals","566","Nigeria","7273","Emissions (CO2)","6997","Pesticides Manufacturing","2012","2012","3050","FAO TIER 1","kt","651.9592","E","Estimated value",""
"GT","Emissions totals","566","Nigeria","7273","Emissions (CO2)","6997","Pesticides Manufacturing","2013","2013","3050","FAO TIER 1","kt","692.3972","E","Estimated value",""
"GT","Emissions totals","566","Nigeria","7273","Emissions (CO2)","6997","Pesticides Manufacturing","2014","2014","3050","FAO TIER 1","kt","645.7647","E","Estimated value",""
"GT","Emissions totals","566","Nigeria","7273","Emissions (CO2)","6997","Pesticides Manufacturing","2015","2015","3050","FAO TIER 1","kt","661.4189","E","Estimated value",""
"GT","Emissions totals","566","Nigeria","7273","Emissions (CO2)","6997","Pesticides Manufacturing","2016","2016","3050","FAO TIER 1","kt","448.6395","E","Estimated value",""
"GT","Emissions totals","566","Nigeria","7273","Emissions (CO2)","6997","Pesticides Manufacturing","2017","2017","3050","FAO TIER 1","kt","618.0257","E","Estimated value",""
"GT","Emissions totals","566","Nigeria","7273","Emissions (CO2)","6997","Pesticides Manufacturing","2018","2018","3050","FAO TIER 1","kt","971.8313","E","Estimated value",""
"GT","Emissions totals","566","Nigeria","7273","Emissions (CO2)","6997","Pesticides Manufacturing","2019","2019","3050","FAO TIER 1","kt","440.7727","E","Estimated value",""
"GT","Emissions totals","566","Nigeria","7273","Emissions (CO2)","6997","Pesticides Manufacturing","2020","2020","3050","FAO TIER 1","kt","1026.7817","E","Estimated value",""
"GT","Emissions totals","566","Nigeria","7273","Emissions (CO2)","6997","Pesticides Manufacturing","2021","2021","3050","FAO TIER 1","kt","1171.6949","E","Estimated value",""
"GT","Emissions totals","566","Nigeria","7273","Emissions (CO2)","6997","Pesticides Manufacturing","2022","2022","3050","FAO TIER 1","kt","470.272","E","Estimated value",""
"GT","Emissions totals","566","Nigeria","7273","Emissions (CO2)","6997","Pesticides Manufacturing","2023","2023","3050","FAO TIER 1","kt","971.0104","E","Estimated value",""
"GT","Emissions totals","566","Nigeria","7273","Emissions (CO2)","6506","Food Packaging","2000","2000","3050","FAO TIER 1","kt","10.5898","E","Estimated value",""
"GT","Emissions totals","566","Nigeria","7273","Emissions (CO2)","6506","Food Packaging","2001","2001","3050","FAO TIER 1","kt","9.3276","E","Estimated value",""
"GT","Emissions totals","566","Nigeria","7273","Emissions (CO2)","6506","Food Packaging","2002","2002","3050","FAO TIER 1","kt","9.5533","E","Estimated value",""
"GT","Emissions totals","566","Nigeria","7273","Emissions (CO2)","6506","Food Packaging","2003","2003","3050","FAO TIER 1","kt","28.1648","E","Estimated value",""
"GT","Emissions totals","566","Nigeria","7273","Emissions (CO2)","6506","Food Packaging","2004","2004","3050","FAO TIER 1","kt","19.0323","E","Estimated value",""
"GT","Emissions totals","566","Nigeria","7273","Emissions (CO2)","6506","Food Packaging","2005","2005","3050","FAO TIER 1","kt","17.4201","E","Estimated value",""
"GT","Emissions totals","566","Nigeria","7273","Emissions (CO2)","6506","Food Packaging","2006","2006","3050","FAO TIER 1","kt","17.5778","E","Estimated value",""
"GT","Emissions totals","566","Nigeria","7273","Emissions (CO2)","6506","Food Packaging","2007","2007","3050","FAO TIER 1","kt","19.5053","E","Estimated value",""
"GT","Emissions totals","566","Nigeria","7273","Emissions (CO2)","6506","Food Packaging","2008","2008","3050","FAO TIER 1","kt","16.9842","E","Estimated value",""
"GT","Emissions totals","566","Nigeria","7273","Emissions (CO2)","6506","Food Packaging","2009","2009","3050","FAO TIER 1","kt","7.5727","E","Estimated value",""
"GT","Emissions totals","566","Nigeria","7273","Emissions (CO2)","6506","Food Packaging","2010","2010","3050","FAO TIER 1","kt","6.7777","E","Estimated value",""
"GT","Emissions totals","566","Nigeria","7273","Emissions (CO2)","6506","Food Packaging","2011","2011","3050","FAO TIER 1","kt","25.7356","E","Estimated value",""
"GT","Emissions totals","566","Nigeria","7273","Emissions (CO2)","6506","Food Packaging","2012","2012","3050","FAO TIER 1","kt","21.3051","E","Estimated value",""
"GT","Emissions totals","566","Nigeria","7273","Emissions (CO2)","6506","Food Packaging","2013","2013","3050","FAO TIER 1","kt","23.1981","E","Estimated value",""
"GT","Emissions totals","566","Nigeria","7273","Emissions (CO2)","6506","Food Packaging","2014","2014","3050","FAO TIER 1","kt","24.562","E","Estimated value",""
"GT","Emissions totals","566","Nigeria","7273","Emissions (CO2)","6506","Food Packaging","2015","2015","3050","FAO TIER 1","kt","25.3157","E","Estimated value",""
"GT","Emissions totals","566","Nigeria","7273","Emissions (CO2)","6506","Food Packaging","2016","2016","3050","FAO TIER 1","kt","24.7781","E","Estimated value",""
"GT","Emissions totals","566","Nigeria","7273","Emissions (CO2)","6506","Food Packaging","2017","2017","3050","FAO TIER 1","kt","23.3253","E","Estimated value",""
"GT","Emissions totals","566","Nigeria","7273","Emissions (CO2)","6506","Food Packaging","2018","2018","3050","FAO TIER 1","kt","24.7108","E","Estimated value",""
"GT","Emissions totals","566","Nigeria","7273","Emissions (CO2)","6506","Food Packaging","2019","2019","3050","FAO TIER 1","kt","25.2623","E","Estimated value",""
"GT","Emissions totals","566","Nigeria","7273","Emissions (CO2)","6506","Food Packaging","2020","2020","3050","FAO TIER 1","kt","25.3968","E","Estimated value",""
"GT","Emissions totals","566","Nigeria","7273","Emissions (CO2)","6506","Food Packaging","2021","2021","3050","FAO TIER 1","kt","29.7686","E","Estimated value",""
"GT","Emissions totals","566","Nigeria","7273","Emissions (CO2)","6506","Food Packaging","2022","2022","3050","FAO TIER 1","kt","178.6119","E","Estimated value",""
"GT","Emissions totals","566","Nigeria","7273","Emissions (CO2)","6506","Food Packaging","2023","2023","3050","FAO TIER 1","kt","50.1565","E","Estimated value",""
"GT","Emissions totals","566","Nigeria","7273","Emissions (CO2)","6508","Food Retail","2000","2000","3050","FAO TIER 1","kt","1070.139","E","Estimated value",""
"GT","Emissions totals","566","Nigeria","7273","Emissions (CO2)","6508","Food Retail","2001","2001","3050","FAO TIER 1","kt","1014.9044","E","Estimated value",""
"GT","Emissions totals","566","Nigeria","7273","Emissions (CO2)","6508","Food Retail","2002","2002","3050","FAO TIER 1","kt","950.5423","E","Estimated value",""
"GT","Emissions totals","566","Nigeria","7273","Emissions (CO2)","6508","Food Retail","2003","2003","3050","FAO TIER 1","kt","945.6479","E","Estimated value",""
"GT","Emissions totals","566","Nigeria","7273","Emissions (CO2)","6508","Food Retail","2004","2004","3050","FAO TIER 1","kt","875.5619","E","Estimated value",""
"GT","Emissions totals","566","Nigeria","7273","Emissions (CO2)","6508","Food Retail","2005","2005","3050","FAO TIER 1","kt","855.4651","E","Estimated value",""
"GT","Emissions totals","566","Nigeria","7273","Emissions (CO2)","6508","Food Retail","2006","2006","3050","FAO TIER 1","kt","805.1561","E","Estimated value",""
"GT","Emissions totals","566","Nigeria","7273","Emissions (CO2)","6508","Food Retail","2007","2007","3050","FAO TIER 1","kt","969.0512","E","Estimated value",""
"GT","Emissions totals","566","Nigeria","7273","Emissions (CO2)","6508","Food Retail","2008","2008","3050","FAO TIER 1","kt","890.8422","E","Estimated value",""
"GT","Emissions totals","566","Nigeria","7273","Emissions (CO2)","6508","Food Retail","2009","2009","3050","FAO TIER 1","kt","939.0303","E","Estimated value",""
"GT","Emissions totals","566","Nigeria","7273","Emissions (CO2)","6508","Food Retail","2010","2010","3050","FAO TIER 1","kt","1289.5012","E","Estimated value",""
"GT","Emissions totals","566","Nigeria","7273","Emissions (CO2)","6508","Food Retail","2011","2011","3050","FAO TIER 1","kt","1500.3275","E","Estimated value",""
"GT","Emissions totals","566","Nigeria","7273","Emissions (CO2)","6508","Food Retail","2012","2012","3050","FAO TIER 1","kt","2325.6378","E","Estimated value",""
"GT","Emissions totals","566","Nigeria","7273","Emissions (CO2)","6508","Food Retail","2013","2013","3050","FAO TIER 1","kt","1907.1097","E","Estimated value",""
"GT","Emissions totals","566","Nigeria","7273","Emissions (CO2)","6508","Food Retail","2014","2014","3050","FAO TIER 1","kt","2122.9094","E","Estimated value",""
"GT","Emissions totals","566","Nigeria","7273","Emissions (CO2)","6508","Food Retail","2015","2015","3050","FAO TIER 1","kt","2144.0197","E","Estimated value",""
"GT","Emissions totals","566","Nigeria","7273","Emissions (CO2)","6508","Food Retail","2016","2016","3050","FAO TIER 1","kt","2149.5855","E","Estimated value",""
"GT","Emissions totals","566","Nigeria","7273","Emissions (CO2)","6508","Food Retail","2017","2017","3050","FAO TIER 1","kt","2163.0411","E","Estimated value",""
"GT","Emissions totals","566","Nigeria","7273","Emissions (CO2)","6508","Food Retail","2018","2018","3050","FAO TIER 1","kt","2219.7213","E","Estimated value",""
"GT","Emissions totals","566","Nigeria","7273","Emissions (CO2)","6508","Food Retail","2019","2019","3050","FAO TIER 1","kt","2233.9858","E","Estimated value",""
"GT","Emissions totals","566","Nigeria","7273","Emissions (CO2)","6508","Food Retail","2020","2020","3050","FAO TIER 1","kt","2257.4577","E","Estimated value",""
"GT","Emissions totals","566","Nigeria","7273","Emissions (CO2)","6508","Food Retail","2021","2021","3050","FAO TIER 1","kt","2281.3385","E","Estimated value",""
"GT","Emissions totals","566","Nigeria","7273","Emissions (CO2)","6508","Food Retail","2022","2022","3050","FAO TIER 1","kt","2305.6975","E","Estimated value",""
"GT","Emissions totals","566","Nigeria","7273","Emissions (CO2)","6508","Food Retail","2023","2023","3050","FAO TIER 1","kt","2305.6975","E","Estimated value",""
"GT","Emissions totals","566","Nigeria","7273","Emissions (CO2)","6505","Food Household Consumption","2000","2000","3050","FAO TIER 1","kt","233.0494","E","Estimated value",""
"GT","Emissions totals","566","Nigeria","7273","Emissions (CO2)","6505","Food Household Consumption","2001","2001","3050","FAO TIER 1","kt","216.6965","E","Estimated value",""
"GT","Emissions totals","566","Nigeria","7273","Emissions (CO2)","6505","Food Household Consumption","2002","2002","3050","FAO TIER 1","kt","306.893","E","Estimated value",""
"GT","Emissions totals","566","Nigeria","7273","Emissions (CO2)","6505","Food Household Consumption","2003","2003","3050","FAO TIER 1","kt","294.4761","E","Estimated value",""
"GT","Emissions totals","566","Nigeria","7273","Emissions (CO2)","6505","Food Household Consumption","2004","2004","3050","FAO TIER 1","kt","328.565","E","Estimated value",""
"GT","Emissions totals","566","Nigeria","7273","Emissions (CO2)","6505","Food Household Consumption","2005","2005","3050","FAO TIER 1","kt","367.6183","E","Estimated value",""
"GT","Emissions totals","566","Nigeria","7273","Emissions (CO2)","6505","Food Household Consumption","2006","2006","3050","FAO TIER 1","kt","316.9484","E","Estimated value",""
"GT","Emissions totals","566","Nigeria","7273","Emissions (CO2)","6505","Food Household Consumption","2007","2007","3050","FAO TIER 1","kt","378.6128","E","Estimated value",""
"GT","Emissions totals","566","Nigeria","7273","Emissions (CO2)","6505","Food Household Consumption","2008","2008","3050","FAO TIER 1","kt","393.6483","E","Estimated value",""
"GT","Emissions totals","566","Nigeria","7273","Emissions (CO2)","6505","Food Household Consumption","2009","2009","3050","FAO TIER 1","kt","438.6243","E","Estimated value",""
"GT","Emissions totals","566","Nigeria","7273","Emissions (CO2)","6505","Food Household Consumption","2010","2010","3050","FAO TIER 1","kt","487.6297","E","Estimated value",""
"GT","Emissions totals","566","Nigeria","7273","Emissions (CO2)","6505","Food Household Consumption","2011","2011","3050","FAO TIER 1","kt","576.527","E","Estimated value",""
"GT","Emissions totals","566","Nigeria","7273","Emissions (CO2)","6505","Food Household Consumption","2012","2012","3050","FAO TIER 1","kt","637.1341","E","Estimated value",""
"GT","Emissions totals","566","Nigeria","7273","Emissions (CO2)","6505","Food Household Consumption","2013","2013","3050","FAO TIER 1","kt","606.3262","E","Estimated value",""
"GT","Emissions totals","566","Nigeria","7273","Emissions (CO2)","6505","Food Household Consumption","2014","2014","3050","FAO TIER 1","kt","639.5281","E","Estimated value",""
"GT","Emissions totals","566","Nigeria","7273","Emissions (CO2)","6505","Food Household Consumption","2015","2015","3050","FAO TIER 1","kt","649.9769","E","Estimated value",""
"GT","Emissions totals","566","Nigeria","7273","Emissions (CO2)","6505","Food Household Consumption","2016","2016","3050","FAO TIER 1","kt","689.2651","E","Estimated value",""
"GT","Emissions totals","566","Nigeria","7273","Emissions (CO2)","6505","Food Household Consumption","2017","2017","3050","FAO TIER 1","kt","713.2496","E","Estimated value",""
"GT","Emissions totals","566","Nigeria","7273","Emissions (CO2)","6505","Food Household Consumption","2018","2018","3050","FAO TIER 1","kt","1038.9599","E","Estimated value",""
"GT","Emissions totals","566","Nigeria","7273","Emissions (CO2)","6505","Food Household Consumption","2019","2019","3050","FAO TIER 1","kt","1512.1613","E","Estimated value",""
"GT","Emissions totals","566","Nigeria","7273","Emissions (CO2)","6505","Food Household Consumption","2020","2020","3050","FAO TIER 1","kt","2310.7214","E","Estimated value",""
"GT","Emissions totals","566","Nigeria","7273","Emissions (CO2)","6505","Food Household Consumption","2021","2021","3050","FAO TIER 1","kt","2625.5716","E","Estimated value",""
"GT","Emissions totals","566","Nigeria","7273","Emissions (CO2)","6505","Food Household Consumption","2022","2022","3050","FAO TIER 1","kt","2374.0153","E","Estimated value",""
"GT","Emissions totals","566","Nigeria","7273","Emissions (CO2)","6505","Food Household Consumption","2023","2023","3050","FAO TIER 1","kt","2373.9852","E","Estimated value",""
"GT","Emissions totals","566","Nigeria","7273","Emissions (CO2)","6815","Food Transport","2000","2000","3050","FAO TIER 1","kt","2223.9314","E","Estimated value",""
"GT","Emissions totals","566","Nigeria","7273","Emissions (CO2)","6815","Food Transport","2001","2001","3050","FAO TIER 1","kt","2495.9122","E","Estimated value",""
"GT","Emissions totals","566","Nigeria","7273","Emissions (CO2)","6815","Food Transport","2002","2002","3050","FAO TIER 1","kt","2927.8837","E","Estimated value",""
"GT","Emissions totals","566","Nigeria","7273","Emissions (CO2)","6815","Food Transport","2003","2003","3050","FAO TIER 1","kt","3169.3338","E","Estimated value",""
"GT","Emissions totals","566","Nigeria","7273","Emissions (CO2)","6815","Food Transport","2004","2004","3050","FAO TIER 1","kt","3223.8977","E","Estimated value",""
"GT","Emissions totals","566","Nigeria","7273","Emissions (CO2)","6815","Food Transport","2005","2005","3050","FAO TIER 1","kt","2833.883","E","Estimated value",""
"GT","Emissions totals","566","Nigeria","7273","Emissions (CO2)","6815","Food Transport","2006","2006","3050","FAO TIER 1","kt","2531.6301","E","Estimated value",""
"GT","Emissions totals","566","Nigeria","7273","Emissions (CO2)","6815","Food Transport","2007","2007","3050","FAO TIER 1","kt","2280.9281","E","Estimated value",""
"GT","Emissions totals","566","Nigeria","7273","Emissions (CO2)","6815","Food Transport","2008","2008","3050","FAO TIER 1","kt","2743.6194","E","Estimated value",""
"GT","Emissions totals","566","Nigeria","7273","Emissions (CO2)","6815","Food Transport","2009","2009","3050","FAO TIER 1","kt","2557.6635","E","Estimated value",""
"GT","Emissions totals","566","Nigeria","7273","Emissions (CO2)","6815","Food Transport","2010","2010","3050","FAO TIER 1","kt","3184.9878","E","Estimated value",""
"GT","Emissions totals","566","Nigeria","7273","Emissions (CO2)","6815","Food Transport","2011","2011","3050","FAO TIER 1","kt","3391.5689","E","Estimated value",""
"GT","Emissions totals","566","Nigeria","7273","Emissions (CO2)","6815","Food Transport","2012","2012","3050","FAO TIER 1","kt","3756.4913","E","Estimated value",""
"GT","Emissions totals","566","Nigeria","7273","Emissions (CO2)","6815","Food Transport","2013","2013","3050","FAO TIER 1","kt","4820.481","E","Estimated value",""
"GT","Emissions totals","566","Nigeria","7273","Emissions (CO2)","6815","Food Transport","2014","2014","3050","FAO TIER 1","kt","5318.2962","E","Estimated value",""
"GT","Emissions totals","566","Nigeria","7273","Emissions (CO2)","6815","Food Transport","2015","2015","3050","FAO TIER 1","kt","4830.3519","E","Estimated value",""
"GT","Emissions totals","566","Nigeria","7273","Emissions (CO2)","6815","Food Transport","2016","2016","3050","FAO TIER 1","kt","5528.9981","E","Estimated value",""
"GT","Emissions totals","566","Nigeria","7273","Emissions (CO2)","6815","Food Transport","2017","2017","3050","FAO TIER 1","kt","5523.8589","E","Estimated value",""
"GT","Emissions totals","566","Nigeria","7273","Emissions (CO2)","6815","Food Transport","2018","2018","3050","FAO TIER 1","kt","5921.7349","E","Estimated value",""
"GT","Emissions totals","566","Nigeria","7273","Emissions (CO2)","6815","Food Transport","2019","2019","3050","FAO TIER 1","kt","6385.8905","E","Estimated value",""
"GT","Emissions totals","566","Nigeria","7273","Emissions (CO2)","6815","Food Transport","2020","2020","3050","FAO TIER 1","kt","5487.0534","E","Estimated value",""
"GT","Emissions totals","566","Nigeria","7273","Emissions (CO2)","6815","Food Transport","2021","2021","3050","FAO TIER 1","kt","6213.3701","E","Estimated value",""
"GT","Emissions totals","566","Nigeria","7273","Emissions (CO2)","6815","Food Transport","2022","2022","3050","FAO TIER 1","kt","6591.6939","E","Estimated value",""
"GT","Emissions totals","566","Nigeria","7273","Emissions (CO2)","6815","Food Transport","2023","2023","3050","FAO TIER 1","kt","6591.6939","E","Estimated value",""
"GT","Emissions totals","566","Nigeria","7273","Emissions (CO2)","6518","Agrifood systems","2000","2000","3050","FAO TIER 1","kt","47798.0299","E","Estimated value",""
"GT","Emissions totals","566","Nigeria","7273","Emissions (CO2)","6518","Agrifood systems","2001","2001","3050","FAO TIER 1","kt","48017.9396","E","Estimated value",""
"GT","Emissions totals","566","Nigeria","7273","Emissions (CO2)","6518","Agrifood systems","2002","2002","3050","FAO TIER 1","kt","48527.303","E","Estimated value",""
"GT","Emissions totals","566","Nigeria","7273","Emissions (CO2)","6518","Agrifood systems","2003","2003","3050","FAO TIER 1","kt","48827.4334","E","Estimated value",""
"GT","Emissions totals","566","Nigeria","7273","Emissions (CO2)","6518","Agrifood systems","2004","2004","3050","FAO TIER 1","kt","48942.0189","E","Estimated value",""
"GT","Emissions totals","566","Nigeria","7273","Emissions (CO2)","6518","Agrifood systems","2005","2005","3050","FAO TIER 1","kt","48624.0134","E","Estimated value",""
"GT","Emissions totals","566","Nigeria","7273","Emissions (CO2)","6518","Agrifood systems","2006","2006","3050","FAO TIER 1","kt","48076.7737","E","Estimated value",""
"GT","Emissions totals","566","Nigeria","7273","Emissions (CO2)","6518","Agrifood systems","2007","2007","3050","FAO TIER 1","kt","47924.4551","E","Estimated value",""
"GT","Emissions totals","566","Nigeria","7273","Emissions (CO2)","6518","Agrifood systems","2008","2008","3050","FAO TIER 1","kt","48438.5413","E","Estimated value",""
"GT","Emissions totals","566","Nigeria","7273","Emissions (CO2)","6518","Agrifood systems","2009","2009","3050","FAO TIER 1","kt","48252.3001","E","Estimated value",""
"GT","Emissions totals","566","Nigeria","7273","Emissions (CO2)","6518","Agrifood systems","2010","2010","3050","FAO TIER 1","kt","49707.039","E","Estimated value",""
"GT","Emissions totals","566","Nigeria","7273","Emissions (CO2)","6518","Agrifood systems","2011","2011","3050","FAO TIER 1","kt","50289.762","E","Estimated value",""
"GT","Emissions totals","566","Nigeria","7273","Emissions (CO2)","6518","Agrifood systems","2012","2012","3050","FAO TIER 1","kt","51806.0431","E","Estimated value",""
"GT","Emissions totals","566","Nigeria","7273","Emissions (CO2)","6518","Agrifood systems","2013","2013","3050","FAO TIER 1","kt","52377.8273","E","Estimated value",""
"GT","Emissions totals","566","Nigeria","7273","Emissions (CO2)","6518","Agrifood systems","2014","2014","3050","FAO TIER 1","kt","53026.8737","E","Estimated value",""
"GT","Emissions totals","566","Nigeria","7273","Emissions (CO2)","6518","Agrifood systems","2015","2015","3050","FAO TIER 1","kt","52647.5795","E","Estimated value",""
"GT","Emissions totals","566","Nigeria","7273","Emissions (CO2)","6518","Agrifood systems","2016","2016","3050","FAO TIER 1","kt","53444.0304","E","Estimated value",""
"GT","Emissions totals","566","Nigeria","7273","Emissions (CO2)","6518","Agrifood systems","2017","2017","3050","FAO TIER 1","kt","54114.2255","E","Estimated value",""
"GT","Emissions totals","566","Nigeria","7273","Emissions (CO2)","6518","Agrifood systems","2018","2018","3050","FAO TIER 1","kt","54711.5837","E","Estimated value",""
"GT","Emissions totals","566","Nigeria","7273","Emissions (CO2)","6518","Agrifood systems","2019","2019","3050","FAO TIER 1","kt","55142.9692","E","Estimated value",""
"GT","Emissions totals","566","Nigeria","7273","Emissions (CO2)","6518","Agrifood systems","2020","2020","3050","FAO TIER 1","kt","55690.6624","E","Estimated value",""
"GT","Emissions totals","566","Nigeria","7273","Emissions (CO2)","6518","Agrifood systems","2021","2021","3050","FAO TIER 1","kt","56924.6324","E","Estimated value",""
"GT","Emissions totals","566","Nigeria","7273","Emissions (CO2)","6518","Agrifood systems","2022","2022","3050","FAO TIER 1","kt","56523.4502","E","Estimated value",""
"GT","Emissions totals","566","Nigeria","7273","Emissions (CO2)","6518","Agrifood systems","2023","2023","3050","FAO TIER 1","kt","56895.7031","E","Estimated value",""
"GT","Emissions totals","566","Nigeria","7273","Emissions (CO2)","6996","Farm gate","2000","2000","3050","FAO TIER 1","kt","19.0807","E","Estimated value",""
"GT","Emissions totals","566","Nigeria","7273","Emissions (CO2)","6996","Farm gate","2001","2001","3050","FAO TIER 1","kt","19.0807","E","Estimated value",""
"GT","Emissions totals","566","Nigeria","7273","Emissions (CO2)","6996","Farm gate","2002","2002","3050","FAO TIER 1","kt","28.6396","E","Estimated value",""
"GT","Emissions totals","566","Nigeria","7273","Emissions (CO2)","6996","Farm gate","2003","2003","3050","FAO TIER 1","kt","28.6396","E","Estimated value",""
"GT","Emissions totals","566","Nigeria","7273","Emissions (CO2)","6996","Farm gate","2004","2004","3050","FAO TIER 1","kt","31.8259","E","Estimated value",""
"GT","Emissions totals","566","Nigeria","7273","Emissions (CO2)","6996","Farm gate","2005","2005","3050","FAO TIER 1","kt","31.8259","E","Estimated value",""
"GT","Emissions totals","566","Nigeria","7273","Emissions (CO2)","6996","Farm gate","2006","2006","3050","FAO TIER 1","kt","35.0122","E","Estimated value",""
"GT","Emissions totals","566","Nigeria","7273","Emissions (CO2)","6996","Farm gate","2007","2007","3050","FAO TIER 1","kt","15.8944","E","Estimated value",""
"GT","Emissions totals","566","Nigeria","7273","Emissions (CO2)","6996","Farm gate","2008","2008","3050","FAO TIER 1","kt","31.7888","E","Estimated value",""
"GT","Emissions totals","566","Nigeria","7273","Emissions (CO2)","6996","Farm gate","2009","2009","3050","FAO TIER 1","kt","19.0436","E","Estimated value",""
"GT","Emissions totals","566","Nigeria","7273","Emissions (CO2)","6996","Farm gate","2010","2010","3050","FAO TIER 1","kt","31.7888","E","Estimated value",""
"GT","Emissions totals","566","Nigeria","7273","Emissions (CO2)","6996","Farm gate","2011","2011","3050","FAO TIER 1","kt","12.7452","E","Estimated value",""
"GT","Emissions totals","566","Nigeria","7273","Emissions (CO2)","6996","Farm gate","2012","2012","3050","FAO TIER 1","kt","12.7452","E","Estimated value",""
"GT","Emissions totals","566","Nigeria","7273","Emissions (CO2)","6996","Farm gate","2013","2013","3050","FAO TIER 1","kt","12.7452","E","Estimated value",""
"GT","Emissions totals","566","Nigeria","7273","Emissions (CO2)","6996","Farm gate","2014","2014","3050","FAO TIER 1","kt","12.7452","E","Estimated value",""
"GT","Emissions totals","566","Nigeria","7273","Emissions (CO2)","6996","Farm gate","2015","2015","3050","FAO TIER 1","kt","12.7452","E","Estimated value",""
"GT","Emissions totals","566","Nigeria","7273","Emissions (CO2)","6996","Farm gate","2016","2016","3050","FAO TIER 1","kt","12.7452","E","Estimated value",""
"GT","Emissions totals","566","Nigeria","7273","Emissions (CO2)","6996","Farm gate","2017","2017","3050","FAO TIER 1","kt","13.1849","E","Estimated value",""
"GT","Emissions totals","566","Nigeria","7273","Emissions (CO2)","6996","Farm gate","2018","2018","3050","FAO TIER 1","kt","13.4653","E","Estimated value",""
"GT","Emissions totals","566","Nigeria","7273","Emissions (CO2)","6996","Farm gate","2019","2019","3050","FAO TIER 1","kt","13.7839","E","Estimated value",""
"GT","Emissions totals","566","Nigeria","7273","Emissions (CO2)","6996","Farm gate","2020","2020","3050","FAO TIER 1","kt","14.0834","E","Estimated value",""
"GT","Emissions totals","566","Nigeria","7273","Emissions (CO2)","6996","Farm gate","2021","2021","3050","FAO TIER 1","kt","14.383","E","Estimated value",""
"GT","Emissions totals","566","Nigeria","7273","Emissions (CO2)","6996","Farm gate","2022","2022","3050","FAO TIER 1","kt","14.6538","E","Estimated value",""
"GT","Emissions totals","566","Nigeria","7273","Emissions (CO2)","6996","Farm gate","2023","2023","3050","FAO TIER 1","kt","14.6538","E","Estimated value",""
"GT","Emissions totals","566","Nigeria","7273","Emissions (CO2)","6516","Land-use change","2000","2000","3050","FAO TIER 1","kt","44150.2686","E","Estimated value",""
"GT","Emissions totals","566","Nigeria","7273","Emissions (CO2)","6516","Land-use change","2001","2001","3050","FAO TIER 1","kt","44150.5209","E","Estimated value",""
"GT","Emissions totals","566","Nigeria","7273","Emissions (CO2)","6516","Land-use change","2002","2002","3050","FAO TIER 1","kt","44150.5209","E","Estimated value",""
"GT","Emissions totals","566","Nigeria","7273","Emissions (CO2)","6516","Land-use change","2003","2003","3050","FAO TIER 1","kt","44150.5209","E","Estimated value",""
"GT","Emissions totals","566","Nigeria","7273","Emissions (CO2)","6516","Land-use change","2004","2004","3050","FAO TIER 1","kt","44150.5209","E","Estimated value",""
"GT","Emissions totals","566","Nigeria","7273","Emissions (CO2)","6516","Land-use change","2005","2005","3050","FAO TIER 1","kt","44150.5209","E","Estimated value",""
"GT","Emissions totals","566","Nigeria","7273","Emissions (CO2)","6516","Land-use change","2006","2006","3050","FAO TIER 1","kt","44150.5209","E","Estimated value",""
"GT","Emissions totals","566","Nigeria","7273","Emissions (CO2)","6516","Land-use change","2007","2007","3050","FAO TIER 1","kt","44150.5209","E","Estimated value",""
"GT","Emissions totals","566","Nigeria","7273","Emissions (CO2)","6516","Land-use change","2008","2008","3050","FAO TIER 1","kt","44150.5209","E","Estimated value",""
"GT","Emissions totals","566","Nigeria","7273","Emissions (CO2)","6516","Land-use change","2009","2009","3050","FAO TIER 1","kt","44150.5209","E","Estimated value",""
"GT","Emissions totals","566","Nigeria","7273","Emissions (CO2)","6516","Land-use change","2010","2010","3050","FAO TIER 1","kt","44150.5209","E","Estimated value",""
"GT","Emissions totals","566","Nigeria","7273","Emissions (CO2)","6516","Land-use change","2011","2011","3050","FAO TIER 1","kt","44149.9244","E","Estimated value",""
"GT","Emissions totals","566","Nigeria","7273","Emissions (CO2)","6516","Land-use change","2012","2012","3050","FAO TIER 1","kt","44149.9244","E","Estimated value",""
"GT","Emissions totals","566","Nigeria","7273","Emissions (CO2)","6516","Land-use change","2013","2013","3050","FAO TIER 1","kt","44149.9244","E","Estimated value",""
"GT","Emissions totals","566","Nigeria","7273","Emissions (CO2)","6516","Land-use change","2014","2014","3050","FAO TIER 1","kt","44149.9244","E","Estimated value",""
"GT","Emissions totals","566","Nigeria","7273","Emissions (CO2)","6516","Land-use change","2015","2015","3050","FAO TIER 1","kt","44149.9244","E","Estimated value",""
"GT","Emissions totals","566","Nigeria","7273","Emissions (CO2)","6516","Land-use change","2016","2016","3050","FAO TIER 1","kt","44151.6078","E","Estimated value",""
"GT","Emissions totals","566","Nigeria","7273","Emissions (CO2)","6516","Land-use change","2017","2017","3050","FAO TIER 1","kt","44151.6078","E","Estimated value",""
"GT","Emissions totals","566","Nigeria","7273","Emissions (CO2)","6516","Land-use change","2018","2018","3050","FAO TIER 1","kt","44151.6078","E","Estimated value",""
"GT","Emissions totals","566","Nigeria","7273","Emissions (CO2)","6516","Land-use change","2019","2019","3050","FAO TIER 1","kt","44151.6078","E","Estimated value",""
"GT","Emissions totals","566","Nigeria","7273","Emissions (CO2)","6516","Land-use change","2020","2020","3050","FAO TIER 1","kt","44151.6078","E","Estimated value",""
"GT","Emissions totals","566","Nigeria","7273","Emissions (CO2)","6516","Land-use change","2021","2021","3050","FAO TIER 1","kt","44151.8998","E","Estimated value",""
"GT","Emissions totals","566","Nigeria","7273","Emissions (CO2)","6516","Land-use change","2022","2022","3050","FAO TIER 1","kt","44151.8998","E","Estimated value",""
"GT","Emissions totals","566","Nigeria","7273","Emissions (CO2)","6516","Land-use change","2023","2023","3050","FAO TIER 1","kt","44151.8998","E","Estimated value",""
"GT","Emissions totals","566","Nigeria","7273","Emissions (CO2)","6517","Pre- and post-production","2000","2000","3050","FAO TIER 1","kt","3628.6806","E","Estimated value",""
"GT","Emissions totals","566","Nigeria","7273","Emissions (CO2)","6517","Pre- and post-production","2001","2001","3050","FAO TIER 1","kt","3848.338","E","Estimated value",""
"GT","Emissions totals","566","Nigeria","7273","Emissions (CO2)","6517","Pre- and post-production","2002","2002","3050","FAO TIER 1","kt","4348.1425","E","Estimated value",""
"GT","Emissions totals","566","Nigeria","7273","Emissions (CO2)","6517","Pre- and post-production","2003","2003","3050","FAO TIER 1","kt","4648.2729","E","Estimated value",""
"GT","Emissions totals","566","Nigeria","7273","Emissions (CO2)","6517","Pre- and post-production","2004","2004","3050","FAO TIER 1","kt","4759.6721","E","Estimated value",""
"GT","Emissions totals","566","Nigeria","7273","Emissions (CO2)","6517","Pre- and post-production","2005","2005","3050","FAO TIER 1","kt","4441.6666","E","Estimated value",""
"GT","Emissions totals","566","Nigeria","7273","Emissions (CO2)","6517","Pre- and post-production","2006","2006","3050","FAO TIER 1","kt","3891.2406","E","Estimated value",""
"GT","Emissions totals","566","Nigeria","7273","Emissions (CO2)","6517","Pre- and post-production","2007","2007","3050","FAO TIER 1","kt","3758.0398","E","Estimated value",""
"GT","Emissions totals","566","Nigeria","7273","Emissions (CO2)","6517","Pre- and post-production","2008","2008","3050","FAO TIER 1","kt","4256.2316","E","Estimated value",""
"GT","Emissions totals","566","Nigeria","7273","Emissions (CO2)","6517","Pre- and post-production","2009","2009","3050","FAO TIER 1","kt","4082.7356","E","Estimated value",""
"GT","Emissions totals","566","Nigeria","7273","Emissions (CO2)","6517","Pre- and post-production","2010","2010","3050","FAO TIER 1","kt","5524.7293","E","Estimated value",""
"GT","Emissions totals","566","Nigeria","7273","Emissions (CO2)","6517","Pre- and post-production","2011","2011","3050","FAO TIER 1","kt","6127.0924","E","Estimated value",""
"GT","Emissions totals","566","Nigeria","7273","Emissions (CO2)","6517","Pre- and post-production","2012","2012","3050","FAO TIER 1","kt","7643.3735","E","Estimated value",""
"GT","Emissions totals","566","Nigeria","7273","Emissions (CO2)","6517","Pre- and post-production","2013","2013","3050","FAO TIER 1","kt","8215.1577","E","Estimated value",""
"GT","Emissions totals","566","Nigeria","7273","Emissions (CO2)","6517","Pre- and post-production","2014","2014","3050","FAO TIER 1","kt","8864.2041","E","Estimated value",""
"GT","Emissions totals","566","Nigeria","7273","Emissions (CO2)","6517","Pre- and post-production","2015","2015","3050","FAO TIER 1","kt","8484.9099","E","Estimated value",""
"GT","Emissions totals","566","Nigeria","7273","Emissions (CO2)","6517","Pre- and post-production","2016","2016","3050","FAO TIER 1","kt","9279.6774","E","Estimated value",""
"GT","Emissions totals","566","Nigeria","7273","Emissions (CO2)","6517","Pre- and post-production","2017","2017","3050","FAO TIER 1","kt","9949.4328","E","Estimated value",""
"GT","Emissions totals","566","Nigeria","7273","Emissions (CO2)","6517","Pre- and post-production","2018","2018","3050","FAO TIER 1","kt","10546.5106","E","Estimated value",""
"GT","Emissions totals","566","Nigeria","7273","Emissions (CO2)","6517","Pre- and post-production","2019","2019","3050","FAO TIER 1","kt","10977.5775","E","Estimated value",""
"GT","Emissions totals","566","Nigeria","7273","Emissions (CO2)","6517","Pre- and post-production","2020","2020","3050","FAO TIER 1","kt","11524.9712","E","Estimated value",""
"GT","Emissions totals","566","Nigeria","7273","Emissions (CO2)","6517","Pre- and post-production","2021","2021","3050","FAO TIER 1","kt","12758.3496","E","Estimated value",""
"GT","Emissions totals","566","Nigeria","7273","Emissions (CO2)","6517","Pre- and post-production","2022","2022","3050","FAO TIER 1","kt","12356.8966","E","Estimated value",""
"GT","Emissions totals","566","Nigeria","7273","Emissions (CO2)","6517","Pre- and post-production","2023","2023","3050","FAO TIER 1","kt","12729.1495","E","Estimated value",""
"GT","Emissions totals","566","Nigeria","7273","Emissions (CO2)","6995","Emissions on agricultural land","2000","2000","3050","FAO TIER 1","kt","44169.3493","E","Estimated value",""
"GT","Emissions totals","566","Nigeria","7273","Emissions (CO2)","6995","Emissions on agricultural land","2001","2001","3050","FAO TIER 1","kt","44169.6016","E","Estimated value",""
"GT","Emissions totals","566","Nigeria","7273","Emissions (CO2)","6995","Emissions on agricultural land","2002","2002","3050","FAO TIER 1","kt","44179.1605","E","Estimated value",""
"GT","Emissions totals","566","Nigeria","7273","Emissions (CO2)","6995","Emissions on agricultural land","2003","2003","3050","FAO TIER 1","kt","44179.1605","E","Estimated value",""
"GT","Emissions totals","566","Nigeria","7273","Emissions (CO2)","6995","Emissions on agricultural land","2004","2004","3050","FAO TIER 1","kt","44182.3468","E","Estimated value",""
"GT","Emissions totals","566","Nigeria","7273","Emissions (CO2)","6995","Emissions on agricultural land","2005","2005","3050","FAO TIER 1","kt","44182.3468","E","Estimated value",""
"GT","Emissions totals","566","Nigeria","7273","Emissions (CO2)","6995","Emissions on agricultural land","2006","2006","3050","FAO TIER 1","kt","44185.5331","E","Estimated value",""
"GT","Emissions totals","566","Nigeria","7273","Emissions (CO2)","6995","Emissions on agricultural land","2007","2007","3050","FAO TIER 1","kt","44166.4153","E","Estimated value",""
"GT","Emissions totals","566","Nigeria","7273","Emissions (CO2)","6995","Emissions on agricultural land","2008","2008","3050","FAO TIER 1","kt","44182.3097","E","Estimated value",""
"GT","Emissions totals","566","Nigeria","7273","Emissions (CO2)","6995","Emissions on agricultural land","2009","2009","3050","FAO TIER 1","kt","44169.5645","E","Estimated value",""
"GT","Emissions totals","566","Nigeria","7273","Emissions (CO2)","6995","Emissions on agricultural land","2010","2010","3050","FAO TIER 1","kt","44182.3097","E","Estimated value",""
"GT","Emissions totals","566","Nigeria","7273","Emissions (CO2)","6995","Emissions on agricultural land","2011","2011","3050","FAO TIER 1","kt","44162.6696","E","Estimated value",""
"GT","Emissions totals","566","Nigeria","7273","Emissions (CO2)","6995","Emissions on agricultural land","2012","2012","3050","FAO TIER 1","kt","44162.6696","E","Estimated value",""
"GT","Emissions totals","566","Nigeria","7273","Emissions (CO2)","6995","Emissions on agricultural land","2013","2013","3050","FAO TIER 1","kt","44162.6696","E","Estimated value",""
"GT","Emissions totals","566","Nigeria","7273","Emissions (CO2)","6995","Emissions on agricultural land","2014","2014","3050","FAO TIER 1","kt","44162.6696","E","Estimated value",""
"GT","Emissions totals","566","Nigeria","7273","Emissions (CO2)","6995","Emissions on agricultural land","2015","2015","3050","FAO TIER 1","kt","44162.6696","E","Estimated value",""
"GT","Emissions totals","566","Nigeria","7273","Emissions (CO2)","6995","Emissions on agricultural land","2016","2016","3050","FAO TIER 1","kt","44164.353","E","Estimated value",""
"GT","Emissions totals","566","Nigeria","7273","Emissions (CO2)","6995","Emissions on agricultural land","2017","2017","3050","FAO TIER 1","kt","44164.7927","E","Estimated value",""
"GT","Emissions totals","566","Nigeria","7273","Emissions (CO2)","6995","Emissions on agricultural land","2018","2018","3050","FAO TIER 1","kt","44165.0731","E","Estimated value",""
"GT","Emissions totals","566","Nigeria","7273","Emissions (CO2)","6995","Emissions on agricultural land","2019","2019","3050","FAO TIER 1","kt","44165.3917","E","Estimated value",""
"GT","Emissions totals","566","Nigeria","7273","Emissions (CO2)","6995","Emissions on agricultural land","2020","2020","3050","FAO TIER 1","kt","44165.6912","E","Estimated value",""
"GT","Emissions totals","566","Nigeria","7273","Emissions (CO2)","6995","Emissions on agricultural land","2021","2021","3050","FAO TIER 1","kt","44166.2828","E","Estimated value",""
"GT","Emissions totals","566","Nigeria","7273","Emissions (CO2)","6995","Emissions on agricultural land","2022","2022","3050","FAO TIER 1","kt","44166.5536","E","Estimated value",""
"GT","Emissions totals","566","Nigeria","7273","Emissions (CO2)","6995","Emissions on agricultural land","2023","2023","3050","FAO TIER 1","kt","44166.5536","E","Estimated value",""
